<tourist-voucher xmlns:xsi="http://www.w3.org/2001/XMLSchema-instance"
                 xmlns="http://www.example.com/tourist-voucher"
                 xsi:schemaLocation="http://www.example.com/tourist-voucher tourist-vouchers.xsd">
    <Hotel id="1">
        <Name>Belarus holiday</Name>
        <country>Belarus</country>
        <days>12</days>
        <cost>12345</cost>
        <hotel-params>
            <stars>3</stars>
            <places-count>1</places-count>
            <nutrition>BB</nutrition>
        </hotel-params>
    </Hotel>
    <Hotel id="2">
        <Name>Miami holiday</Name>
        <country>USA</country>
        <days>5</days>
        <cost>567654</cost>
        <hotel-params>
            <stars>5</stars>
            <places-count>3</places-count>
            <nutrition>AI</nutrition>
        </hotel-params>
    </Hotel>
    <Tourism id="3">
        <country>India</country>
        <days>111</days>
        <cost>111</cost>
        <transport-type>Train</transport-type>
        <crossing-daytime>Day</crossing-daytime>
        <crossing-count>5</crossing-count>
    </Tourism>
    <Tourism id="4">
        <country>Sweden</country>
        <days>1</days>
        <cost>123456</cost>
        <transport-type>Plain</transport-type>
        <crossing-daytime>Night</crossing-daytime>
        <crossing-count>1</crossing-count>
    </Tourism>
    <Bungalow id="11234">
        <country>Ukraine</country>
        <days>10</days>
        <cost>123</cost>
        <distance-from-beach>50</distance-from-beach>
    </Bungalow>
    <Bungalow id="4321">
        <country>Russia</country>
        <days>1000</days>
        <cost>5</cost>
        <distance-from-beach>50000</distance-from-beach>
    </Bungalow>
</tourist-voucher>